Workbook

Sheet Dashboard
B2: Transaction Risk Monitor
B3: March 2026 batch · structuring, mule / pass-through and dormant-velocity typologies
B5: Total Transactions | C5: Flagged (STR to file) | D5: Flagged Volume (₹) | E5: Total Customers | F5: High-Risk Customers
B6: =COUNTA(Data!$A$2:$A$500) -> 20 | C6: =SUM(Data!$R$2:$R$500) -> 13 | D6: =SUMIFS(Data!$H$2:$H$500,Data!$R$2:$R$500,1) -> 8147000 | E6: =ROUND(SUMPRODUCT((Data!$B$2:$B$500<>"")/COUNTIF(Data!$B$2:$B$500,Data!$B$2:$B$500&"")),0) -> 9 | F6: =ROUND(SUMPRODUCT((Data!$B$2:$B$500<>"")*(COUNTIFS(Data!$B$2:$B$500,Data!$B$2:$B$500&"",Data!$R$2:$R$500,1)>0)/COUNTIF(Data!$B$2:$B$500,Data!$B$2:$B$500&"")),0) -> 5
B8: Alert Type | C8: Count
B9: Structuring / Smurfing | C9: =COUNTIF(Data!$N$2:$N$500,"ALERT*") -> 6
B10: Mule / Pass-Through | C10: =COUNTIF(Data!$O$2:$O$500,"ALERT*") -> 2
B11: Dormant Velocity Surge | C11: =COUNTIF(Data!$P$2:$P$500,"ALERT*") -> 2
B14: Alert counts come straight from the Data sheet flag columns.
B16: Where the flagged money went, and when
B34: Customers under review
B35: Customer ID | C35: Customer Name | D35: Transactions | E35: Flagged | F35: Flagged Value | G35: Turnover Ratio | H35: Status
B36: CUST01 | C36: =INDEX(Data!$C$2:$C$500,MATCH(B36,Data!$B$2:$B$500,0)) -> Aarav Sharma | D36: =COUNTIF(Data!$B$2:$B$500,B36) -> 2 | E36: =COUNTIFS(Data!$B$2:$B$500,B36,Data!$R$2:$R$500,1) -> 0 | F36: =SUMIFS(Data!$H$2:$H$500,Data!$B$2:$B$500,B36,Data!$R$2:$R$500,1) -> 0 | G36: =INDEX(Data!$M$2:$M$500,MATCH(B36,Data!$B$2:$B$500,0)) -> 0 | H36: =IF(E36>0,"REVIEW / STR","Clear") -> Clear
B37: CUST02 | C37: =INDEX(Data!$C$2:$C$500,MATCH(B37,Data!$B$2:$B$500,0)) -> Vikram Malhotra | D37: =COUNTIF(Data!$B$2:$B$500,B37) -> 4 | E37: =COUNTIFS(Data!$B$2:$B$500,B37,Data!$R$2:$R$500,1) -> 3 | F37: =SUMIFS(Data!$H$2:$H$500,Data!$B$2:$B$500,B37,Data!$R$2:$R$500,1) -> 146500 | G37: =INDEX(Data!$M$2:$M$500,MATCH(B37,Data!$B$2:$B$500,0)) -> 1.3 | H37: =IF(E37>0,"REVIEW / STR","Clear") -> REVIEW / STR
B38: CUST03 | C38: =INDEX(Data!$C$2:$C$500,MATCH(B38,Data!$B$2:$B$500,0)) -> Pooja Verma | D38: =COUNTIF(Data!$B$2:$B$500,B38) -> 2 | E38: =COUNTIFS(Data!$B$2:$B$500,B38,Data!$R$2:$R$500,1) -> 2 | F38: =SUMIFS(Data!$H$2:$H$500,Data!$B$2:$B$500,B38,Data!$R$2:$R$500,1) -> 2380000 | G38: =INDEX(Data!$M$2:$M$500,MATCH(B38,Data!$B$2:$B$500,0)) -> 80 | H38: =IF(E38>0,"REVIEW / STR","Clear") -> REVIEW / STR
B39: CUST04 | C39: =INDEX(Data!$C$2:$C$500,MATCH(B39,Data!$B$2:$B$500,0)) -> Karan Mehra | D39: =COUNTIF(Data!$B$2:$B$500,B39) -> 3 | E39: =COUNTIFS(Data!$B$2:$B$500,B39,Data!$R$2:$R$500,1) -> 3 | F39: =SUMIFS(Data!$H$2:$H$500,Data!$B$2:$B$500,B39,Data!$R$2:$R$500,1) -> 3452000 | G39: =INDEX(Data!$M$2:$M$500,MATCH(B39,Data!$B$2:$B$500,0)) -> 62.5 | H39: =IF(E39>0,"REVIEW / STR","Clear") -> REVIEW / STR
B40: CUST05 | C40: =INDEX(Data!$C$2:$C$500,MATCH(B40,Data!$B$2:$B$500,0)) -> Sneha Nair | D40: =COUNTIF(Data!$B$2:$B$500,B40) -> 2 | E40: =COUNTIFS(Data!$B$2:$B$500,B40,Data!$R$2:$R$500,1) -> 0 | F40: =SUMIFS(Data!$H$2:$H$500,Data!$B$2:$B$500,B40,Data!$R$2:$R$500,1) -> 0 | G40: =INDEX(Data!$M$2:$M$500,MATCH(B40,Data!$B$2:$B$500,0)) -> 0 | H40: =IF(E40>0,"REVIEW / STR","Clear") -> Clear
B41: CUST06 | C41: =INDEX(Data!$C$2:$C$500,MATCH(B41,Data!$B$2:$B$500,0)) -> Rajesh Patel | D41: =COUNTIF(Data!$B$2:$B$500,B41) -> 2 | E41: =COUNTIFS(Data!$B$2:$B$500,B41,Data!$R$2:$R$500,1) -> 2 | F41: =SUMIFS(Data!$H$2:$H$500,Data!$B$2:$B$500,B41,Data!$R$2:$R$500,1) -> 1975000 | G41: =INDEX(Data!$M$2:$M$500,MATCH(B41,Data!$B$2:$B$500,0)) -> 6.5833333 | H41: =IF(E41>0,"REVIEW / STR","Clear") -> REVIEW / STR
B42: CUST07 | C42: =INDEX(Data!$C$2:$C$500,MATCH(B42,Data!$B$2:$B$500,0)) -> Ananya Sen | D42: =COUNTIF(Data!$B$2:$B$500,B42) -> 1 | E42: =COUNTIFS(Data!$B$2:$B$500,B42,Data!$R$2:$R$500,1) -> 0 | F42: =SUMIFS(Data!$H$2:$H$500,Data!$B$2:$B$500,B42,Data!$R$2:$R$500,1) -> 0 | G42: =INDEX(Data!$M$2:$M$500,MATCH(B42,Data!$B$2:$B$500,0)) -> 0.91666667 | H42: =IF(E42>0,"REVIEW / STR","Clear") -> Clear
B43: CUST08 | C43: =INDEX(Data!$C$2:$C$500,MATCH(B43,Data!$B$2:$B$500,0)) -> Imran Khan | D43: =COUNTIF(Data!$B$2:$B$500,B43) -> 3 | E43: =COUNTIFS(Data!$B$2:$B$500,B43,Data!$R$2:$R$500,1) -> 3 | F43: =SUMIFS(Data!$H$2:$H$500,Data!$B$2:$B$500,B43,Data!$R$2:$R$500,1) -> 193500 | G43: =INDEX(Data!$M$2:$M$500,MATCH(B43,Data!$B$2:$B$500,0)) -> 97500 | H43: =IF(E43>0,"REVIEW / STR","Clear") -> REVIEW / STR
B44: CUST09 | C44: =INDEX(Data!$C$2:$C$500,MATCH(B44,Data!$B$2:$B$500,0)) -> Rohan Gupta | D44: =COUNTIF(Data!$B$2:$B$500,B44) -> 1 | E44: =COUNTIFS(Data!$B$2:$B$500,B44,Data!$R$2:$R$500,1) -> 0 | F44: =SUMIFS(Data!$H$2:$H$500,Data!$B$2:$B$500,B44,Data!$R$2:$R$500,1) -> 0 | G44: =INDEX(Data!$M$2:$M$500,MATCH(B44,Data!$B$2:$B$500,0)) -> 0 | H44: =IF(E44>0,"REVIEW / STR","Clear") -> Clear

Sheet Data
A1: Transaction_ID | B1: Customer_ID | C1: Customer_Name | D1: Occupation | E1: Declared_Monthly_Income | F1: Transaction_Date | G1: Channel | H1: Amount | I1: Credit_Debit_Flag | J1: Counterparty_Name | K1: Country | L1: NEAR THRESHOLD | M1: TURNOVER RATIO | N1: Alert_Structuring | O1: Alert_Mule | P1: Alert_Dormant | Q1: Final_Risk_Rating | R1: IsHighRisk | S1: Txn_Day | T1: Flag_Seq | U1: Flag_Key
A2: TXN1001 | B2: CUST01 | C2: Aarav Sharma | D2: Salaried | E2: 75000 | F2: 46082.427 | G2: UPI | H2: 25000 | I2: Debit | J2: Swiggy | K2: India | L2: =IF(AND(G2="Cash",I2="Credit",OR(AND(H2>=45000,H2<50000),AND(H2>=900000,H2<1000000))),1,0) -> 0 | M2: =SUMIFS($H$2:$H$500,$B$2:$B$500,B2,$I$2:$I$500,"Credit")/MAX(E2,1) -> 0 | N2: =IF(AND(L2=1,COUNTIFS($B$2:$B$500,B2,$G$2:$G$500,"Cash",$I$2:$I$500,"Credit",$L$2:$L$500,1,$F$2:$F$500,">="&(INT(F2)-2),$F$2:$F$500,"<="&(INT(F2)+0.99999))>=2),"ALERT: Structuring / Smurfing","NORMAL") -> NORMAL | O2: =IF(I2="Debit",IF(H2>=50000,IF(SUMIFS($H$2:$H$500,$B$2:$B$500,B2,$I$2:$I$500,"Credit",$F$2:$F$500,">="&(F2-1),$F$2:$F$500,"<="&F2)>0,IF((H2/SUMIFS($H$2:$H$500,$B$2:$B$500,B2,$I$2:$I$500,"Credit",$F$2:$F$500,">="&(F2-1),$F$2:$F$500,"<="&F2))>=0.95,"ALERT: Mule / Pass-Through","NORMAL"),"NORMAL"),"NORMAL"),"NORMAL") -> NORMAL | P2: =IF(AND(I2="Credit",H2>=1000000,COUNTIFS($B$2:$B$500,B2,$F$2:$F$500,">="&(F2-180),$F$2:$F$500,"<="&(F2-1))=0),"ALERT: Dormant Velocity Surge","NORMAL") -> NORMAL | Q2: =IF(OR(N2<>"NORMAL",O2<>"NORMAL",P2<>"NORMAL",M2>=5),"HIGH RISK (FILE STR)","LOW RISK") -> LOW RISK | R2: =IF(LEFT(Q2,4)="HIGH",1,0) -> 0 | S2: =INT(F2) -> 46082 | T2: =IF(R2=1,COUNTIFS($B$2:B2,B2,$R$2:R2,1),0) -> 0 | U2: =IF(T2>0,B2&"|"&T2,"")
A3: TXN1002 | B3: CUST01 | C3: Aarav Sharma | D3: Salaried | E3: 75000 | F3: 46086.771 | G3: UPI | H3: 12000 | I3: Debit | J3: Amazon India | K3: India | L3: =IF(AND(G3="Cash",I3="Credit",OR(AND(H3>=45000,H3<50000),AND(H3>=900000,H3<1000000))),1,0) -> 0 | M3: =SUMIFS($H$2:$H$500,$B$2:$B$500,B3,$I$2:$I$500,"Credit")/MAX(E3,1) -> 0 | N3: =IF(AND(L3=1,COUNTIFS($B$2:$B$500,B3,$G$2:$G$500,"Cash",$I$2:$I$500,"Credit",$L$2:$L$500,1,$F$2:$F$500,">="&(INT(F3)-2),$F$2:$F$500,"<="&(INT(F3)+0.99999))>=2),"ALERT: Structuring / Smurfing","NORMAL") -> NORMAL | O3: =IF(I3="Debit",IF(H3>=50000,IF(SUMIFS($H$2:$H$500,$B$2:$B$500,B3,$I$2:$I$500,"Credit",$F$2:$F$500,">="&(F3-1),$F$2:$F$500,"<="&F3)>0,IF((H3/SUMIFS($H$2:$H$500,$B$2:$B$500,B3,$I$2:$I$500,"Credit",$F$2:$F$500,">="&(F3-1),$F$2:$F$500,"<="&F3))>=0.95,"ALERT: Mule / Pass-Through","NORMAL"),"NORMAL"),"NORMAL"),"NORMAL") -> NORMAL | P3: =IF(AND(I3="Credit",H3>=1000000,COUNTIFS($B$2:$B$500,B3,$F$2:$F$500,">="&(F3-180),$F$2:$F$500,"<="&(F3-1))=0),"ALERT: Dormant Velocity Surge","NORMAL") -> NORMAL | Q3: =IF(OR(N3<>"NORMAL",O3<>"NORMAL",P3<>"NORMAL",M3>=5),"HIGH RISK (FILE STR)","LOW RISK") -> LOW RISK | R3: =IF(LEFT(Q3,4)="HIGH",1,0) -> 0 | S3: =INT(F3) -> 46086 | T3: =IF(R3=1,COUNTIFS($B$2:B3,B3,$R$2:R3,1),0) -> 0 | U3: =IF(T3>0,B3&"|"&T3,"")
A4: TXN1003 | B4: CUST02 | C4: Vikram Malhotra | D4: Self-Employed | E4: 150000 | F4: 46083.458 | G4: Cash | H4: 48500 | I4: Credit | J4: Self-Deposit | K4: India | L4: =IF(AND(G4="Cash",I4="Credit",OR(AND(H4>=45000,H4<50000),AND(H4>=900000,H4<1000000))),1,0) -> 1 | M4: =SUMIFS($H$2:$H$500,$B$2:$B$500,B4,$I$2:$I$500,"Credit")/MAX(E4,1) -> 1.3 | N4: =IF(AND(L4=1,COUNTIFS($B$2:$B$500,B4,$G$2:$G$500,"Cash",$I$2:$I$500,"Credit",$L$2:$L$500,1,$F$2:$F$500,">="&(INT(F4)-2),$F$2:$F$500,"<="&(INT(F4)+0.99999))>=2),"ALERT: Structuring / Smurfing","NORMAL") -> NORMAL | O4: =IF(I4="Debit",IF(H4>=50000,IF(SUMIFS($H$2:$H$500,$B$2:$B$500,B4,$I$2:$I$500,"Credit",$F$2:$F$500,">="&(F4-1),$F$2:$F$500,"<="&F4)>0,IF((H4/SUMIFS($H$2:$H$500,$B$2:$B$500,B4,$I$2:$I$500,"Credit",$F$2:$F$500,">="&(F4-1),$F$2:$F$500,"<="&F4))>=0.95,"ALERT: Mule / Pass-Through","NORMAL"),"NORMAL"),"NORMAL"),"NORMAL") -> NORMAL | P4: =IF(AND(I4="Credit",H4>=1000000,COUNTIFS($B$2:$B$500,B4,$F$2:$F$500,">="&(F4-180),$F$2:$F$500,"<="&(F4-1))=0),"ALERT: Dormant Velocity Surge","NORMAL") -> NORMAL | Q4: =IF(OR(N4<>"NORMAL",O4<>"NORMAL",P4<>"NORMAL",M4>=5),"HIGH RISK (FILE STR)","LOW RISK") -> LOW RISK | R4: =IF(LEFT(Q4,4)="HIGH",1,0) -> 0 | S4: =INT(F4) -> 46083 | T4: =IF(R4=1,COUNTIFS($B$2:B4,B4,$R$2:R4,1),0) -> 0 | U4: =IF(T4>0,B4&"|"&T4,"")
A5: TXN1004 | B5: CUST02 | C5: Vikram Malhotra | D5: Self-Employed | E5: 150000 | F5: 46084.597 | G5: Cash | H5: 49000 | I5: Credit | J5: Self-Deposit | K5: India | L5: =IF(AND(G5="Cash",I5="Credit",OR(AND(H5>=45000,H5<50000),AND(H5>=900000,H5<1000000))),1,0) -> 1 | M5: =SUMIFS($H$2:$H$500,$B$2:$B$500,B5,$I$2:$I$500,"Credit")/MAX(E5,1) -> 1.3 | N5: =IF(AND(L5=1,COUNTIFS($B$2:$B$500,B5,$G$2:$G$500,"Cash",$I$2:$I$500,"Credit",$L$2:$L$500,1,$F$2:$F$500,">="&(INT(F5)-2),$F$2:$F$500,"<="&(INT(F5)+0.99999))>=2),"ALERT: Structuring / Smurfing","NORMAL") -> ALERT: Structuring / Smurfing | O5: =IF(I5="Debit",IF(H5>=50000,IF(SUMIFS($H$2:$H$500,$B$2:$B$500,B5,$I$2:$I$500,"Credit",$F$2:$F$500,">="&(F5-1),$F$2:$F$500,"<="&F5)>0,IF((H5/SUMIFS($H$2:$H$500,$B$2:$B$500,B5,$I$2:$I$500,"Credit",$F$2:$F$500,">="&(F5-1),$F$2:$F$500,"<="&F5))>=0.95,"ALERT: Mule / Pass-Through","NORMAL"),"NORMAL"),"NORMAL"),"NORMAL") -> NORMAL | P5: =IF(AND(I5="Credit",H5>=1000000,COUNTIFS($B$2:$B$500,B5,$F$2:$F$500,">="&(F5-180),$F$2:$F$500,"<="&(F5-1))=0),"ALERT: Dormant Velocity Surge","NORMAL") -> NORMAL | Q5: =IF(OR(N5<>"NORMAL",O5<>"NORMAL",P5<>"NORMAL",M5>=5),"HIGH RISK (FILE STR)","LOW RISK") -> HIGH RISK (FILE STR) | R5: =IF(LEFT(Q5,4)="HIGH",1,0) -> 1 | S5: =INT(F5) -> 46084 | T5: =IF(R5=1,COUNTIFS($B$2:B5,B5,$R$2:R5,1),0) -> 1 | U5: =IF(T5>0,B5&"|"&T5,"") -> CUST02|1
A6: TXN1005 | B6: CUST02 | C6: Vikram Malhotra | D6: Self-Employed | E6: 150000 | F6: 46085.406 | G6: Cash | H6: 48000 | I6: Credit | J6: Self-Deposit | K6: India | L6: =IF(AND(G6="Cash",I6="Credit",OR(AND(H6>=45000,H6<50000),AND(H6>=900000,H6<1000000))),1,0) -> 1 | M6: =SUMIFS($H$2:$H$500,$B$2:$B$500,B6,$I$2:$I$500,"Credit")/MAX(E6,1) -> 1.3 | N6: =IF(AND(L6=1,COUNTIFS($B$2:$B$500,B6,$G$2:$G$500,"Cash",$I$2:$I$500,"Credit",$L$2:$L$500,1,$F$2:$F$500,">="&(INT(F6)-2),$F$2:$F$500,"<="&(INT(F6)+0.99999))>=2),"ALERT: Structuring / Smurfing","NORMAL") -> ALERT: Structuring / Smurfing | O6: =IF(I6="Debit",IF(H6>=50000,IF(SUMIFS($H$2:$H$500,$B$2:$B$500,B6,$I$2:$I$500,"Credit",$F$2:$F$500,">="&(F6-1),$F$2:$F$500,"<="&F6)>0,IF((H6/SUMIFS($H$2:$H$500,$B$2:$B$500,B6,$I$2:$I$500,"Credit",$F$2:$F$500,">="&(F6-1),$F$2:$F$500,"<="&F6))>=0.95,"ALERT: Mule / Pass-Through","NORMAL"),"NORMAL"),"NORMAL"),"NORMAL") -> NORMAL | P6: =IF(AND(I6="Credit",H6>=1000000,COUNTIFS($B$2:$B$500,B6,$F$2:$F$500,">="&(F6-180),$F$2:$F$500,"<="&(F6-1))=0),"ALERT: Dormant Velocity Surge","NORMAL") -> NORMAL | Q6: =IF(OR(N6<>"NORMAL",O6<>"NORMAL",P6<>"NORMAL",M6>=5),"HIGH RISK (FILE STR)","LOW RISK") -> HIGH RISK (FILE STR) | R6: =IF(LEFT(Q6,4)="HIGH",1,0) -> 1 | S6: =INT(F6) -> 46085 | T6: =IF(R6=1,COUNTIFS($B$2:B6,B6,$R$2:R6,1),0) -> 2 | U6: =IF(T6>0,B6&"|"&T6,"") -> CUST02|2
A7: TXN1006 | B7: CUST02 | C7: Vikram Malhotra | D7: Self-Employed | E7: 150000 | F7: 46086.674 | G7: Cash | H7: 49500 | I7: Credit | J7: Self-Deposit | K7: India | L7: =IF(AND(G7="Cash",I7="Credit",OR(AND(H7>=45000,H7<50000),AND(H7>=900000,H7<1000000))),1,0) -> 1 | M7: =SUMIFS($H$2:$H$500,$B$2:$B$500,B7,$I$2:$I$500,"Credit")/MAX(E7,1) -> 1.3 | N7: =IF(AND(L7=1,COUNTIFS($B$2:$B$500,B7,$G$2:$G$500,"Cash",$I$2:$I$500,"Credit",$L$2:$L$500,1,$F$2:$F$500,">="&(INT(F7)-2),$F$2:$F$500,"<="&(INT(F7)+0.99999))>=2),"ALERT: Structuring / Smurfing","NORMAL") -> ALERT: Structuring / Smurfing | O7: =IF(I7="Debit",IF(H7>=50000,IF(SUMIFS($H$2:$H$500,$B$2:$B$500,B7,$I$2:$I$500,"Credit",$F$2:$F$500,">="&(F7-1),$F$2:$F$500,"<="&F7)>0,IF((H7/SUMIFS($H$2:$H$500,$B$2:$B$500,B7,$I$2:$I$500,"Credit",$F$2:$F$500,">="&(F7-1),$F$2:$F$500,"<="&F7))>=0.95,"ALERT: Mule / Pass-Through","NORMAL"),"NORMAL"),"NORMAL"),"NORMAL") -> NORMAL | P7: =IF(AND(I7="Credit",H7>=1000000,COUNTIFS($B$2:$B$500,B7,$F$2:$F$500,">="&(F7-180),$F$2:$F$500,"<="&(F7-1))=0),"ALERT: Dormant Velocity Surge","NORMAL") -> NORMAL | Q7: =IF(OR(N7<>"NORMAL",O7<>"NORMAL",P7<>"NORMAL",M7>=5),"HIGH RISK (FILE STR)","LOW RISK") -> HIGH RISK (FILE STR) | R7: =IF(LEFT(Q7,4)="HIGH",1,0) -> 1 | S7: =INT(F7) -> 46086 | T7: =IF(R7=1,COUNTIFS($B$2:B7,B7,$R$2:R7,1),0) -> 3 | U7: =IF(T7>0,B7&"|"&T7,"") -> CUST02|3
A8: TXN1007 | B8: CUST03 | C8: Pooja Verma | D8: Student | E8: 15000 | F8: 46087.417 | G8: RTGS | H8: 1200000 | I8: Credit | J8: Apex Traders FZE | K8: UAE | L8: =IF(AND(G8="Cash",I8="Credit",OR(AND(H8>=45000,H8<50000),AND(H8>=900000,H8<1000000))),1,0) -> 0 | M8: =SUMIFS($H$2:$H$500,$B$2:$B$500,B8,$I$2:$I$500,"Credit")/MAX(E8,1) -> 80 | N8: =IF(AND(L8=1,COUNTIFS($B$2:$B$500,B8,$G$2:$G$500,"Cash",$I$2:$I$500,"Credit",$L$2:$L$500,1,$F$2:$F$500,">="&(INT(F8)-2),$F$2:$F$500,"<="&(INT(F8)+0.99999))>=2),"ALERT: Structuring / Smurfing","NORMAL") -> NORMAL | O8: =IF(I8="Debit",IF(H8>=50000,IF(SUMIFS($H$2:$H$500,$B$2:$B$500,B8,$I$2:$I$500,"Credit",$F$2:$F$500,">="&(F8-1),$F$2:$F$500,"<="&F8)>0,IF((H8/SUMIFS($H$2:$H$500,$B$2:$B$500,B8,$I$2:$I$500,"Credit",$F$2:$F$500,">="&(F8-1),$F$2:$F$500,"<="&F8))>=0.95,"ALERT: Mule / Pass-Through","NORMAL"),"NORMAL"),"NORMAL"),"NORMAL") -> NORMAL | P8: =IF(AND(I8="Credit",H8>=1000000,COUNTIFS($B$2:$B$500,B8,$F$2:$F$500,">="&(F8-180),$F$2:$F$500,"<="&(F8-1))=0),"ALERT: Dormant Velocity Surge","NORMAL") -> ALERT: Dormant Velocity Surge | Q8: =IF(OR(N8<>"NORMAL",O8<>"NORMAL",P8<>"NORMAL",M8>=5),"HIGH RISK (FILE STR)","LOW RISK") -> HIGH RISK (FILE STR) | R8: =IF(LEFT(Q8,4)="HIGH",1,0) -> 1 | S8: =INT(F8) -> 46087 | T8: =IF(R8=1,COUNTIFS($B$2:B8,B8,$R$2:R8,1),0) -> 1 | U8: =IF(T8>0,B8&"|"&T8,"") -> CUST03|1
A9: TXN1008 | B9: CUST03 | C9: Pooja Verma | D9: Student | E9: 15000 | F9: 46087.594 | G9: Wire | H9: 1180000 | I9: Debit | J9: Zion Holdings Ltd | K9: Seychelles | L9: =IF(AND(G9="Cash",I9="Credit",OR(AND(H9>=45000,H9<50000),AND(H9>=900000,H9<1000000))),1,0) -> 0 | M9: =SUMIFS($H$2:$H$500,$B$2:$B$500,B9,$I$2:$I$500,"Credit")/MAX(E9,1) -> 80 | N9: =IF(AND(L9=1,COUNTIFS($B$2:$B$500,B9,$G$2:$G$500,"Cash",$I$2:$I$500,"Credit",$L$2:$L$500,1,$F$2:$F$500,">="&(INT(F9)-2),$F$2:$F$500,"<="&(INT(F9)+0.99999))>=2),"ALERT: Structuring / Smurfing","NORMAL") -> NORMAL | O9: =IF(I9="Debit",IF(H9>=50000,IF(SUMIFS($H$2:$H$500,$B$2:$B$500,B9,$I$2:$I$500,"Credit",$F$2:$F$500,">="&(F9-1),$F$2:$F$500,"<="&F9)>0,IF((H9/SUMIFS($H$2:$H$500,$B$2:$B$500,B9,$I$2:$I$500,"Credit",$F$2:$F$500,">="&(F9-1),$F$2:$F$500,"<="&F9))>=0.95,"ALERT: Mule / Pass-Through","NORMAL"),"NORMAL"),"NORMAL"),"NORMAL") -> ALERT: Mule / Pass-Through | P9: =IF(AND(I9="Credit",H9>=1000000,COUNTIFS($B$2:$B$500,B9,$F$2:$F$500,">="&(F9-180),$F$2:$F$500,"<="&(F9-1))=0),"ALERT: Dormant Velocity Surge","NORMAL") -> NORMAL | Q9: =IF(OR(N9<>"NORMAL",O9<>"NORMAL",P9<>"NORMAL",M9>=5),"HIGH RISK (FILE STR)","LOW RISK") -> HIGH RISK (FILE STR) | R9: =IF(LEFT(Q9,4)="HIGH",1,0) -> 1 | S9: =INT(F9) -> 46087 | T9: =IF(R9=1,COUNTIFS($B$2:B9,B9,$R$2:R9,1),0) -> 2 | U9: =IF(T9>0,B9&"|"&T9,"") -> CUST03|2
A10: TXN1009 | B10: CUST04 | C10: Karan Mehra | D10: Retired | E10: 40000 | F10: 45879.479 | G10: UPI | H10: 2000 | I10: Debit | J10: Local Grocery | K10: India | L10: =IF(AND(G10="Cash",I10="Credit",OR(AND(H10>=45000,H10<50000),AND(H10>=900000,H10<1000000))),1,0) -> 0 | M10: =SUMIFS($H$2:$H$500,$B$2:$B$500,B10,$I$2:$I$500,"Credit")/MAX(E10,1) -> 62.5 | N10: =IF(AND(L10=1,COUNTIFS($B$2:$B$500,B10,$G$2:$G$500,"Cash",$I$2:$I$500,"Credit",$L$2:$L$500,1,$F$2:$F$500,">="&(INT(F10)-2),$F$2:$F$500,"<="&(INT(F10)+0.99999))>=2),"ALERT: Structuring / Smurfing","NORMAL") -> NORMAL | O10: =IF(I10="Debit",IF(H10>=50000,IF(SUMIFS($H$2:$H$500,$B$2:$B$500,B10,$I$2:$I$500,"Credit",$F$2:$F$500,">="&(F10-1),$F$2:$F$500,"<="&F10)>0,IF((H10/SUMIFS($H$2:$H$500,$B$2:$B$500,B10,$I$2:$I$500,"Credit",$F$2:$F$500,">="&(F10-1),$F$2:$F$500,"<="&F10))>=0.95,"ALERT: Mule / Pass-Through","NORMAL"),"NORMAL"),"NORMAL"),"NORMAL") -> NORMAL | P10: =IF(AND(I10="Credit",H10>=1000000,COUNTIFS($B$2:$B$500,B10,$F$2:$F$500,">="&(F10-180),$F$2:$F$500,"<="&(F10-1))=0),"ALERT: Dormant Velocity Surge","NORMAL") -> NORMAL | Q10: =IF(OR(N10<>"NORMAL",O10<>"NORMAL",P10<>"NORMAL",M10>=5),"HIGH RISK (FILE STR)","LOW RISK") -> HIGH RISK (FILE STR) | R10: =IF(LEFT(Q10,4)="HIGH",1,0) -> 1 | S10: =INT(F10) -> 45879 | T10: =IF(R10=1,COUNTIFS($B$2:B10,B10,$R$2:R10,1),0) -> 1 | U10: =IF(T10>0,B10&"|"&T10,"") -> CUST04|1
A11: TXN1010 | B11: CUST04 | C11: Karan Mehra | D11: Retired | E11: 40000 | F11: 46088.458 | G11: RTGS | H11: 2500000 | I11: Credit | J11: BlueOcean Logistics | K11: India | L11: =IF(AND(G11="Cash",I11="Credit",OR(AND(H11>=45000,H11<50000),AND(H11>=900000,H11<1000000))),1,0) -> 0 | M11: =SUMIFS($H$2:$H$500,$B$2:$B$500,B11,$I$2:$I$500,"Credit")/MAX(E11,1) -> 62.5 | N11: =IF(AND(L11=1,COUNTIFS($B$2:$B$500,B11,$G$2:$G$500,"Cash",$I$2:$I$500,"Credit",$L$2:$L$500,1,$F$2:$F$500,">="&(INT(F11)-2),$F$2:$F$500,"<="&(INT(F11)+0.99999))>=2),"ALERT: Structuring / Smurfing","NORMAL") -> NORMAL | O11: =IF(I11="Debit",IF(H11>=50000,IF(SUMIFS($H$2:$H$500,$B$2:$B$500,B11,$I$2:$I$500,"Credit",$F$2:$F$500,">="&(F11-1),$F$2:$F$500,"<="&F11)>0,IF((H11/SUMIFS($H$2:$H$500,$B$2:$B$500,B11,$I$2:$I$500,"Credit",$F$2:$F$500,">="&(F11-1),$F$2:$F$500,"<="&F11))>=0.95,"ALERT: Mule / Pass-Through","NORMAL"),"NORMAL"),"NORMAL"),"NORMAL") -> NORMAL | P11: =IF(AND(I11="Credit",H11>=1000000,COUNTIFS($B$2:$B$500,B11,$F$2:$F$500,">="&(F11-180),$F$2:$F$500,"<="&(F11-1))=0),"ALERT: Dormant Velocity Surge","NORMAL") -> ALERT: Dormant Velocity Surge | Q11: =IF(OR(N11<>"NORMAL",O11<>"NORMAL",P11<>"NORMAL",M11>=5),"HIGH RISK (FILE STR)","LOW RISK") -> HIGH RISK (FILE STR) | R11: =IF(LEFT(Q11,4)="HIGH",1,0) -> 1 | S11: =INT(F11) -> 46088 | T11: =IF(R11=1,COUNTIFS($B$2:B11,B11,$R$2:R11,1),0) -> 2 | U11: =IF(T11>0,B11&"|"&T11,"") -> CUST04|2
A12: TXN1011 | B12: CUST04 | C12: Karan Mehra | D12: Retired | E12: 40000 | F12: 46089.396 | G12: Cash | H12: 950000 | I12: Debit | J12: Self Withdrawal | K12: India | L12: =IF(AND(G12="Cash",I12="Credit",OR(AND(H12>=45000,H12<50000),AND(H12>=900000,H12<1000000))),1,0) -> 0 | M12: =SUMIFS($H$2:$H$500,$B$2:$B$500,B12,$I$2:$I$500,"Credit")/MAX(E12,1) -> 62.5 | N12: =IF(AND(L12=1,COUNTIFS($B$2:$B$500,B12,$G$2:$G$500,"Cash",$I$2:$I$500,"Credit",$L$2:$L$500,1,$F$2:$F$500,">="&(INT(F12)-2),$F$2:$F$500,"<="&(INT(F12)+0.99999))>=2),"ALERT: Structuring / Smurfing","NORMAL") -> NORMAL | O12: =IF(I12="Debit",IF(H12>=50000,IF(SUMIFS($H$2:$H$500,$B$2:$B$500,B12,$I$2:$I$500,"Credit",$F$2:$F$500,">="&(F12-1),$F$2:$F$500,"<="&F12)>0,IF((H12/SUMIFS($H$2:$H$500,$B$2:$B$500,B12,$I$2:$I$500,"Credit",$F$2:$F$500,">="&(F12-1),$F$2:$F$500,"<="&F12))>=0.95,"ALERT: Mule / Pass-Through","NORMAL"),"NORMAL"),"NORMAL"),"NORMAL") -> NORMAL | P12: =IF(AND(I12="Credit",H12>=1000000,COUNTIFS($B$2:$B$500,B12,$F$2:$F$500,">="&(F12-180),$F$2:$F$500,"<="&(F12-1))=0),"ALERT: Dormant Velocity Surge","NORMAL") -> NORMAL | Q12: =IF(OR(N12<>"NORMAL",O12<>"NORMAL",P12<>"NORMAL",M12>=5),"HIGH RISK (FILE STR)","LOW RISK") -> HIGH RISK (FILE STR) | R12: =IF(LEFT(Q12,4)="HIGH",1,0) -> 1 | S12: =INT(F12) -> 46089 | T12: =IF(R12=1,COUNTIFS($B$2:B12,B12,$R$2:R12,1),0) -> 3 | U12: =IF(T12>0,B12&"|"&T12,"") -> CUST04|3
A13: TXN1012 | B13: CUST05 | C13: Sneha Nair | D13: Doctor | E13: 200000 | F13: 46083.5 | G13: RTGS | H13: 150000 | I13: Debit | J13: MedEquip Supplies | K13: India | L13: =IF(AND(G13="Cash",I13="Credit",OR(AND(H13>=45000,H13<50000),AND(H13>=900000,H13<1000000))),1,0) -> 0 | M13: =SUMIFS($H$2:$H$500,$B$2:$B$500,B13,$I$2:$I$500,"Credit")/MAX(E13,1) -> 0 | N13: =IF(AND(L13=1,COUNTIFS($B$2:$B$500,B13,$G$2:$G$500,"Cash",$I$2:$I$500,"Credit",$L$2:$L$500,1,$F$2:$F$500,">="&(INT(F13)-2),$F$2:$F$500,"<="&(INT(F13)+0.99999))>=2),"ALERT: Structuring / Smurfing","NORMAL") -> NORMAL | O13: =IF(I13="Debit",IF(H13>=50000,IF(SUMIFS($H$2:$H$500,$B$2:$B$500,B13,$I$2:$I$500,"Credit",$F$2:$F$500,">="&(F13-1),$F$2:$F$500,"<="&F13)>0,IF((H13/SUMIFS($H$2:$H$500,$B$2:$B$500,B13,$I$2:$I$500,"Credit",$F$2:$F$500,">="&(F13-1),$F$2:$F$500,"<="&F13))>=0.95,"ALERT: Mule / Pass-Through","NORMAL"),"NORMAL"),"NORMAL"),"NORMAL") -> NORMAL | P13: =IF(AND(I13="Credit",H13>=1000000,COUNTIFS($B$2:$B$500,B13,$F$2:$F$500,">="&(F13-180),$F$2:$F$500,"<="&(F13-1))=0),"ALERT: Dormant Velocity Surge","NORMAL") -> NORMAL | Q13: =IF(OR(N13<>"NORMAL",O13<>"NORMAL",P13<>"NORMAL",M13>=5),"HIGH RISK (FILE STR)","LOW RISK") -> LOW RISK | R13: =IF(LEFT(Q13,4)="HIGH",1,0) -> 0 | S13: =INT(F13) -> 46083 | T13: =IF(R13=1,COUNTIFS($B$2:B13,B13,$R$2:R13,1),0) -> 0 | U13: =IF(T13>0,B13&"|"&T13,"")
... A21: TXN1020 | B21: CUST09 | C21: Rohan Gupta | D21: Salaried | E21: 90000 | F21: 46085.542 | G21: UPI | H21: 15000 | I21: Debit | J21: Croma Retail | K21: India | L21: =IF(AND(G21="Cash",I21="Credit",OR(AND(H21>=45000,H21<50000),AND(H21>=900000,H21<1000000))),1,0) -> 0 | M21: =SUMIFS($H$2:$H$500,$B$2:$B$500,B21,$I$2:$I$500,"Credit")/MAX(E21,1) -> 0 | N21: =IF(AND(L21=1,COUNTIFS($B$2:$B$500,B21,$G$2:$G$500,"Cash",$I$2:$I$500,"Credit",$L$2:$L$500,1,$F$2:$F$500,">="&(INT(F21)-2),$F$2:$F$500,"<="&(INT(F21)+0.99999))>=2),"ALERT: Structuring / Smurfing","NORMAL") -> NORMAL | O21: =IF(I21="Debit",IF(H21>=50000,IF(SUMIFS($H$2:$H$500,$B$2:$B$500,B21,$I$2:$I$500,"Credit",$F$2:$F$500,">="&(F21-1),$F$2:$F$500,"<="&F21)>0,IF((H21/SUMIFS($H$2:$H$500,$B$2:$B$500,B21,$I$2:$I$500,"Credit",$F$2:$F$500,">="&(F21-1),$F$2:$F$500,"<="&F21))>=0.95,"ALERT: Mule / Pass-Through","NORMAL"),"NORMAL"),"NORMAL"),"NORMAL") -> NORMAL | P21: =IF(AND(I21="Credit",H21>=1000000,COUNTIFS($B$2:$B$500,B21,$F$2:$F$500,">="&(F21-180),$F$2:$F$500,"<="&(F21-1))=0),"ALERT: Dormant Velocity Surge","NORMAL") -> NORMAL | Q21: =IF(OR(N21<>"NORMAL",O21<>"NORMAL",P21<>"NORMAL",M21>=5),"HIGH RISK (FILE STR)","LOW RISK") -> LOW RISK | R21: =IF(LEFT(Q21,4)="HIGH",1,0) -> 0 | S21: =INT(F21) -> 46085 | T21: =IF(R21=1,COUNTIFS($B$2:B21,B21,$R$2:R21,1),0) -> 0 | U21: =IF(T21>0,B21&"|"&T21,"")

Sheet STR_Report
B2: Suspicious Transaction Report – Case Dossier (DRAFT)
B3: Draft for internal review. The actual STR is filed on the FIU-IND FINnet portal in its prescribed format; copy the narrative from here.
B5: Select Customer ID | C5: CUST02 | D5: ← choose from dropdown
B7: Customer Name | C7: =INDEX(Data!$C$2:$C$500,MATCH($C$5,Data!$B$2:$B$500,0)) -> Vikram Malhotra
B8: Occupation | C8: =INDEX(Data!$D$2:$D$500,MATCH($C$5,Data!$B$2:$B$500,0)) -> Self-Employed
B9: Declared Monthly Income | C9: =INDEX(Data!$E$2:$E$500,MATCH($C$5,Data!$B$2:$B$500,0)) -> 150000
B10: Total Transactions | C10: =COUNTIF(Data!$B$2:$B$500,$C$5) -> 4
B11: Flagged Transactions | C11: =COUNTIFS(Data!$B$2:$B$500,$C$5,Data!$R$2:$R$500,1) -> 3
B12: Flagged Value | C12: =SUMIFS(Data!$H$2:$H$500,Data!$B$2:$B$500,$C$5,Data!$R$2:$R$500,1) -> 146500
B13: Turnover Ratio (credits ÷ income) | C13: =INDEX(Data!$M$2:$M$500,MATCH($C$5,Data!$B$2:$B$500,0)) -> 1.3
B14: First Flagged Date | C14: =IF($C$11=0,"n/a",1000000-SUMPRODUCT(MAX(((Data!$B$2:$B$500=$C$5)*(Data!$R$2:$R$500=1))*(1000000-Data!$S$2:$S$500)))) -> 46084
B15: Last Flagged Date | C15: =IF($C$11=0,"n/a",SUMPRODUCT(MAX(((Data!$B$2:$B$500=$C$5)*(Data!$R$2:$R$500=1))*Data!$S$2:$S$500))) -> 46086
B16: Typologies | C16: =MID(IF(COUNTIFS(Data!$B$2:$B$500,$C$5,Data!$N$2:$N$500,"ALERT*")>0,", Structuring/Smurfing","")&IF(COUNTIFS(Data!$B$2:$B$500,$C$5,Data!$O$2:$O$500,"ALERT*")>0,", Mule/Pass-Through","")&IF(COUNTIFS(Data!$B$2:$B$500,$C$5,Data!$P$2:$P$500,"ALERT*")>0,", Dormant Velocity Surge",""),3,200) -> Structuring/Smurfing
B17: Channels (flagged txns) | C17: =MID(IF(COUNTIFS(Data!$B$2:$B$500,$C$5,Data!$R$2:$R$500,1,Data!$G$2:$G$500,"Cash")>0,", Cash","")&IF(COUNTIFS(Data!$B$2:$B$500,$C$5,Data!$R$2:$R$500,1,Data!$G$2:$G$500,"RTGS")>0,", RTGS","")&IF(COUNTIFS(Data!$B$2:$B$500,$C$5,Data!$R$2:$R$500,1,Data!$G$2:$G$500,"Wire")>0,", Wire","")&IF(COUNTIFS(Data!$B$2:$B$500,$C$5,Data!$R$2:$R$500,1,Data!$G$2:$G$500,"UPI")>0,", UPI",""),3,100) -> Cash
B19: Narrative (5 Ws)
B20: ="Who: "&C7&" ("&C5&"), "&C8&", declared monthly income Rs "&TEXT(C9,"#,##0")&". What: "&C11&" of "&C10&" transactions flagged, total Rs "&TEXT(C12,"#,##0")&", pattern: "&IF(C16="","credits far above declared income",C16)&"."&" When: "&IF(ISNUMBER(C14),TEXT(C14,"dd-mm-yyyy")&" to "&TEXT(C15,"dd-mm-yyyy"),"no flagged activity")&". Where: via "&C17&". Why suspicious: "&IF(C9=0,"declared income is nil.","credits are "&TEXT(C13,"#,##0.0")&" times declared monthly income.") -> Who: Vikram Malhotra (CUST02), Self-Employed, declared monthly income Rs 150,000. What: 3 of 4 transactions flagged, total Rs 146,500, pattern: Structuring/Smurfing. When: 03-03-2026 to 05-03-2026. Where: via Cash. Why suspicious: credits are 1.3 times declared monthly income.
B22: Flagged transactions
B23: Txn ID | C23: Date | D23: Channel | E23: Amount | F23: Type | G23: Counterparty | H23: Country
B24: =IFERROR(INDEX(Data!$A$2:$A$500,MATCH($C$5&"|"&1,Data!$U$2:$U$500,0)),"") -> TXN1004 | C24: =IFERROR(INDEX(Data!$F$2:$F$500,MATCH($C$5&"|"&1,Data!$U$2:$U$500,0)),"") -> 46084.597 | D24: =IFERROR(INDEX(Data!$G$2:$G$500,MATCH($C$5&"|"&1,Data!$U$2:$U$500,0)),"") -> Cash | E24: =IFERROR(INDEX(Data!$H$2:$H$500,MATCH($C$5&"|"&1,Data!$U$2:$U$500,0)),"") -> 49000 | F24: =IFERROR(INDEX(Data!$I$2:$I$500,MATCH($C$5&"|"&1,Data!$U$2:$U$500,0)),"") -> Credit | G24: =IFERROR(INDEX(Data!$J$2:$J$500,MATCH($C$5&"|"&1,Data!$U$2:$U$500,0)),"") -> Self-Deposit | H24: =IFERROR(INDEX(Data!$K$2:$K$500,MATCH($C$5&"|"&1,Data!$U$2:$U$500,0)),"") -> India
B25: =IFERROR(INDEX(Data!$A$2:$A$500,MATCH($C$5&"|"&2,Data!$U$2:$U$500,0)),"") -> TXN1005 | C25: =IFERROR(INDEX(Data!$F$2:$F$500,MATCH($C$5&"|"&2,Data!$U$2:$U$500,0)),"") -> 46085.406 | D25: =IFERROR(INDEX(Data!$G$2:$G$500,MATCH($C$5&"|"&2,Data!$U$2:$U$500,0)),"") -> Cash | E25: =IFERROR(INDEX(Data!$H$2:$H$500,MATCH($C$5&"|"&2,Data!$U$2:$U$500,0)),"") -> 48000 | F25: =IFERROR(INDEX(Data!$I$2:$I$500,MATCH($C$5&"|"&2,Data!$U$2:$U$500,0)),"") -> Credit | G25: =IFERROR(INDEX(Data!$J$2:$J$500,MATCH($C$5&"|"&2,Data!$U$2:$U$500,0)),"") -> Self-Deposit | H25: =IFERROR(INDEX(Data!$K$2:$K$500,MATCH($C$5&"|"&2,Data!$U$2:$U$500,0)),"") -> India
B26: =IFERROR(INDEX(Data!$A$2:$A$500,MATCH($C$5&"|"&3,Data!$U$2:$U$500,0)),"") -> TXN1006 | C26: =IFERROR(INDEX(Data!$F$2:$F$500,MATCH($C$5&"|"&3,Data!$U$2:$U$500,0)),"") -> 46086.674 | D26: =IFERROR(INDEX(Data!$G$2:$G$500,MATCH($C$5&"|"&3,Data!$U$2:$U$500,0)),"") -> Cash | E26: =IFERROR(INDEX(Data!$H$2:$H$500,MATCH($C$5&"|"&3,Data!$U$2:$U$500,0)),"") -> 49500 | F26: =IFERROR(INDEX(Data!$I$2:$I$500,MATCH($C$5&"|"&3,Data!$U$2:$U$500,0)),"") -> Credit | G26: =IFERROR(INDEX(Data!$J$2:$J$500,MATCH($C$5&"|"&3,Data!$U$2:$U$500,0)),"") -> Self-Deposit | H26: =IFERROR(INDEX(Data!$K$2:$K$500,MATCH($C$5&"|"&3,Data!$U$2:$U$500,0)),"") -> India
B27: =IFERROR(INDEX(Data!$A$2:$A$500,MATCH($C$5&"|"&4,Data!$U$2:$U$500,0)),"") | C27: =IFERROR(INDEX(Data!$F$2:$F$500,MATCH($C$5&"|"&4,Data!$U$2:$U$500,0)),"") | D27: =IFERROR(INDEX(Data!$G$2:$G$500,MATCH($C$5&"|"&4,Data!$U$2:$U$500,0)),"") | E27: =IFERROR(INDEX(Data!$H$2:$H$500,MATCH($C$5&"|"&4,Data!$U$2:$U$500,0)),"") | F27: =IFERROR(INDEX(Data!$I$2:$I$500,MATCH($C$5&"|"&4,Data!$U$2:$U$500,0)),"") | G27: =IFERROR(INDEX(Data!$J$2:$J$500,MATCH($C$5&"|"&4,Data!$U$2:$U$500,0)),"") | H27: =IFERROR(INDEX(Data!$K$2:$K$500,MATCH($C$5&"|"&4,Data!$U$2:$U$500,0)),"")
B28: =IFERROR(INDEX(Data!$A$2:$A$500,MATCH($C$5&"|"&5,Data!$U$2:$U$500,0)),"") | C28: =IFERROR(INDEX(Data!$F$2:$F$500,MATCH($C$5&"|"&5,Data!$U$2:$U$500,0)),"") | D28: =IFERROR(INDEX(Data!$G$2:$G$500,MATCH($C$5&"|"&5,Data!$U$2:$U$500,0)),"") | E28: =IFERROR(INDEX(Data!$H$2:$H$500,MATCH($C$5&"|"&5,Data!$U$2:$U$500,0)),"") | F28: =IFERROR(INDEX(Data!$I$2:$I$500,MATCH($C$5&"|"&5,Data!$U$2:$U$500,0)),"") | G28: =IFERROR(INDEX(Data!$J$2:$J$500,MATCH($C$5&"|"&5,Data!$U$2:$U$500,0)),"") | H28: =IFERROR(INDEX(Data!$K$2:$K$500,MATCH($C$5&"|"&5,Data!$U$2:$U$500,0)),"")
B29: =IFERROR(INDEX(Data!$A$2:$A$500,MATCH($C$5&"|"&6,Data!$U$2:$U$500,0)),"") | C29: =IFERROR(INDEX(Data!$F$2:$F$500,MATCH($C$5&"|"&6,Data!$U$2:$U$500,0)),"") | D29: =IFERROR(INDEX(Data!$G$2:$G$500,MATCH($C$5&"|"&6,Data!$U$2:$U$500,0)),"") | E29: =IFERROR(INDEX(Data!$H$2:$H$500,MATCH($C$5&"|"&6,Data!$U$2:$U$500,0)),"") | F29: =IFERROR(INDEX(Data!$I$2:$I$500,MATCH($C$5&"|"&6,Data!$U$2:$U$500,0)),"") | G29: =IFERROR(INDEX(Data!$J$2:$J$500,MATCH($C$5&"|"&6,Data!$U$2:$U$500,0)),"") | H29: =IFERROR(INDEX(Data!$K$2:$K$500,MATCH($C$5&"|"&6,Data!$U$2:$U$500,0)),"")
B30: =IFERROR(INDEX(Data!$A$2:$A$500,MATCH($C$5&"|"&7,Data!$U$2:$U$500,0)),"") | C30: =IFERROR(INDEX(Data!$F$2:$F$500,MATCH($C$5&"|"&7,Data!$U$2:$U$500,0)),"") | D30: =IFERROR(INDEX(Data!$G$2:$G$500,MATCH($C$5&"|"&7,Data!$U$2:$U$500,0)),"") | E30: =IFERROR(INDEX(Data!$H$2:$H$500,MATCH($C$5&"|"&7,Data!$U$2:$U$500,0)),"") | F30: =IFERROR(INDEX(Data!$I$2:$I$500,MATCH($C$5&"|"&7,Data!$U$2:$U$500,0)),"") | G30: =IFERROR(INDEX(Data!$J$2:$J$500,MATCH($C$5&"|"&7,Data!$U$2:$U$500,0)),"") | H30: =IFERROR(INDEX(Data!$K$2:$K$500,MATCH($C$5&"|"&7,Data!$U$2:$U$500,0)),"")
B31: =IFERROR(INDEX(Data!$A$2:$A$500,MATCH($C$5&"|"&8,Data!$U$2:$U$500,0)),"") | C31: =IFERROR(INDEX(Data!$F$2:$F$500,MATCH($C$5&"|"&8,Data!$U$2:$U$500,0)),"") | D31: =IFERROR(INDEX(Data!$G$2:$G$500,MATCH($C$5&"|"&8,Data!$U$2:$U$500,0)),"") | E31: =IFERROR(INDEX(Data!$H$2:$H$500,MATCH($C$5&"|"&8,Data!$U$2:$U$500,0)),"") | F31: =IFERROR(INDEX(Data!$I$2:$I$500,MATCH($C$5&"|"&8,Data!$U$2:$U$500,0)),"") | G31: =IFERROR(INDEX(Data!$J$2:$J$500,MATCH($C$5&"|"&8,Data!$U$2:$U$500,0)),"") | H31: =IFERROR(INDEX(Data!$K$2:$K$500,MATCH($C$5&"|"&8,Data!$U$2:$U$500,0)),"")
B32: =IFERROR(INDEX(Data!$A$2:$A$500,MATCH($C$5&"|"&9,Data!$U$2:$U$500,0)),"") | C32: =IFERROR(INDEX(Data!$F$2:$F$500,MATCH($C$5&"|"&9,Data!$U$2:$U$500,0)),"") | D32: =IFERROR(INDEX(Data!$G$2:$G$500,MATCH($C$5&"|"&9,Data!$U$2:$U$500,0)),"") | E32: =IFERROR(INDEX(Data!$H$2:$H$500,MATCH($C$5&"|"&9,Data!$U$2:$U$500,0)),"") | F32: =IFERROR(INDEX(Data!$I$2:$I$500,MATCH($C$5&"|"&9,Data!$U$2:$U$500,0)),"") | G32: =IFERROR(INDEX(Data!$J$2:$J$500,MATCH($C$5&"|"&9,Data!$U$2:$U$500,0)),"") | H32: =IFERROR(INDEX(Data!$K$2:$K$500,MATCH($C$5&"|"&9,Data!$U$2:$U$500,0)),"")
B33: =IFERROR(INDEX(Data!$A$2:$A$500,MATCH($C$5&"|"&10,Data!$U$2:$U$500,0)),"") | C33: =IFERROR(INDEX(Data!$F$2:$F$500,MATCH($C$5&"|"&10,Data!$U$2:$U$500,0)),"") | D33: =IFERROR(INDEX(Data!$G$2:$G$500,MATCH($C$5&"|"&10,Data!$U$2:$U$500,0)),"") | E33: =IFERROR(INDEX(Data!$H$2:$H$500,MATCH($C$5&"|"&10,Data!$U$2:$U$500,0)),"") | F33: =IFERROR(INDEX(Data!$I$2:$I$500,MATCH($C$5&"|"&10,Data!$U$2:$U$500,0)),"") | G33: =IFERROR(INDEX(Data!$J$2:$J$500,MATCH($C$5&"|"&10,Data!$U$2:$U$500,0)),"") | H33: =IFERROR(INDEX(Data!$K$2:$K$500,MATCH($C$5&"|"&10,Data!$U$2:$U$500,0)),"")
B35: Shows up to 10 flagged transactions per customer.

Sheet Rules
B2: Detection rules and assumptions (as built in the Data sheet)
B4: NEAR THRESHOLD | C4: Cash credit of ₹45,000–₹49,999 or ₹9,00,000–₹9,99,999.
B5: TURNOVER RATIO | C5: All credits of the customer ÷ declared monthly income (income 0 is treated as 1). No date filter, so it suits a single-month batch.
B6: Alert_Structuring | C6: Near-threshold cash credit AND at least 2 such cash credits by the same customer within the same day and the 2 days before.
B7: Alert_Mule | C7: Debit of ₹50,000+ that is ≥95% of the customer's credits in the previous 1 day.
B8: Alert_Dormant | C8: Credit of ₹10,00,000+ with no other transaction by the customer in the previous 180 days.
B9: Final_Risk_Rating | C9: HIGH RISK if any alert fires OR turnover ratio ≥ 5, else LOW RISK. Because the ratio is per customer, every transaction of such a customer is HIGH.
B10: Lists | C10: Customer IDs, counterparties and days on Dashboard/Summary are typed lists; add rows and copy formulas down for new names. Formulas read Data rows 2–500.

Sheet Summary
A1: Chart feeder tables (flagged transactions only). Add a new counterparty/date row and copy the formulas down when new data has new names or days.
A3: Counterparty | B3: Flagged Value | C3: Flagged Txns | E3: Day | F3: Flagged Value | G3: Flagged Txns
A4: BlueOcean Logistics | B4: =SUMIFS(Data!$H$2:$H$500,Data!$J$2:$J$500,A4,Data!$R$2:$R$500,1) -> 2500000 | C4: =COUNTIFS(Data!$J$2:$J$500,A4,Data!$R$2:$R$500,1) -> 1 | E4: 45879 | F4: =SUMIFS(Data!$H$2:$H$500,Data!$S$2:$S$500,E4,Data!$R$2:$R$500,1) -> 2000 | G4: =COUNTIFS(Data!$S$2:$S$500,E4,Data!$R$2:$R$500,1) -> 1
A5: Cash Collection | B5: =SUMIFS(Data!$H$2:$H$500,Data!$J$2:$J$500,A5,Data!$R$2:$R$500,1) -> 1975000 | C5: =COUNTIFS(Data!$J$2:$J$500,A5,Data!$R$2:$R$500,1) -> 2 | E5: 46082 | F5: =SUMIFS(Data!$H$2:$H$500,Data!$S$2:$S$500,E5,Data!$R$2:$R$500,1) -> 985000 | G5: =COUNTIFS(Data!$S$2:$S$500,E5,Data!$R$2:$R$500,1) -> 1
A6: Apex Traders FZE | B6: =SUMIFS(Data!$H$2:$H$500,Data!$J$2:$J$500,A6,Data!$R$2:$R$500,1) -> 1200000 | C6: =COUNTIFS(Data!$J$2:$J$500,A6,Data!$R$2:$R$500,1) -> 1 | E6: 46083 | F6: =SUMIFS(Data!$H$2:$H$500,Data!$S$2:$S$500,E6,Data!$R$2:$R$500,1) -> 990000 | G6: =COUNTIFS(Data!$S$2:$S$500,E6,Data!$R$2:$R$500,1) -> 1
A7: Zion Holdings Ltd | B7: =SUMIFS(Data!$H$2:$H$500,Data!$J$2:$J$500,A7,Data!$R$2:$R$500,1) -> 1180000 | C7: =COUNTIFS(Data!$J$2:$J$500,A7,Data!$R$2:$R$500,1) -> 1 | E7: 46084 | F7: =SUMIFS(Data!$H$2:$H$500,Data!$S$2:$S$500,E7,Data!$R$2:$R$500,1) -> 49000 | G7: =COUNTIFS(Data!$S$2:$S$500,E7,Data!$R$2:$R$500,1) -> 1
A8: Self Withdrawal | B8: =SUMIFS(Data!$H$2:$H$500,Data!$J$2:$J$500,A8,Data!$R$2:$R$500,1) -> 950000 | C8: =COUNTIFS(Data!$J$2:$J$500,A8,Data!$R$2:$R$500,1) -> 1 | E8: 46085 | F8: =SUMIFS(Data!$H$2:$H$500,Data!$S$2:$S$500,E8,Data!$R$2:$R$500,1) -> 48000 | G8: =COUNTIFS(Data!$S$2:$S$500,E8,Data!$R$2:$R$500,1) -> 1
A9: Self-Deposit | B9: =SUMIFS(Data!$H$2:$H$500,Data!$J$2:$J$500,A9,Data!$R$2:$R$500,1) -> 146500 | C9: =COUNTIFS(Data!$J$2:$J$500,A9,Data!$R$2:$R$500,1) -> 3 | E9: 46086 | F9: =SUMIFS(Data!$H$2:$H$500,Data!$S$2:$S$500,E9,Data!$R$2:$R$500,1) -> 49500 | G9: =COUNTIFS(Data!$S$2:$S$500,E9,Data!$R$2:$R$500,1) -> 1
A10: Branch Deposit | B10: =SUMIFS(Data!$H$2:$H$500,Data!$J$2:$J$500,A10,Data!$R$2:$R$500,1) -> 97500 | C10: =COUNTIFS(Data!$J$2:$J$500,A10,Data!$R$2:$R$500,1) -> 2 | E10: 46087 | F10: =SUMIFS(Data!$H$2:$H$500,Data!$S$2:$S$500,E10,Data!$R$2:$R$500,1) -> 2380000 | G10: =COUNTIFS(Data!$S$2:$S$500,E10,Data!$R$2:$R$500,1) -> 2
A11: Crypto Gateway P2P | B11: =SUMIFS(Data!$H$2:$H$500,Data!$J$2:$J$500,A11,Data!$R$2:$R$500,1) -> 96000 | C11: =COUNTIFS(Data!$J$2:$J$500,A11,Data!$R$2:$R$500,1) -> 1 | E11: 46088 | F11: =SUMIFS(Data!$H$2:$H$500,Data!$S$2:$S$500,E11,Data!$R$2:$R$500,1) -> 2597500 | G11: =COUNTIFS(Data!$S$2:$S$500,E11,Data!$R$2:$R$500,1) -> 3
A12: Local Grocery | B12: =SUMIFS(Data!$H$2:$H$500,Data!$J$2:$J$500,A12,Data!$R$2:$R$500,1) -> 2000 | C12: =COUNTIFS(Data!$J$2:$J$500,A12,Data!$R$2:$R$500,1) -> 1 | E12: 46089 | F12: =SUMIFS(Data!$H$2:$H$500,Data!$S$2:$S$500,E12,Data!$R$2:$R$500,1) -> 1046000 | G12: =COUNTIFS(Data!$S$2:$S$500,E12,Data!$R$2:$R$500,1) -> 2
